{
  "cv_mae_s": 2.626238950481209,
  "cv_mae_std": 0.3487140343108996,
  "cv_r2": 0.8452362051172653,
  "fuel_effect_s": 1.8540461519296514,
  "n_laps": 214993,
  "n_circuits": 32,
  "years": [
    2014,
    2024
  ]
}